model,RMSE,MAE,MAPE (%)
ETS,35079.436220839394,30113.45304217792,21.672070181500857
HTS 1,16270.200274991104,13482.876466685098,9.896068756136959
HTS 2,25149.399658558894,19836.169377426177,13.793152119278135
SARIMAX,25508.99045982909,20592.730917229008,14.293002196452456
actual,0.0,0.0,0.0
bagging_sarima,32322.462711122684,26540.15151530706,18.390961616431433
xgboost,18387.4817251644,15238.287000000002,11.351639649574565
